age,sex,prev,disability_rate,i,i_apc,f,f_apc,r,r_apc,income_first,income,income_last,expenditure_rate_first,expenditure_rate,expenditure_rate_last
0,female,0.0,0.0,0.0,0.0,0.0,0.0,0.0,-0.008194299668235039,0.0,0.0,0.0,0.0,0.0,0.0
0,male,0.0,0.0,0.0,0.0,0.0,0.0,0.0,0.018302729749213098,0.0,0.0,0.0,0.0,0.0,0.0
1,female,0.0,0.0,0.0,0.0016135585408692523,0.0,0.0072578054635142495,0.0,-0.00484068046328822,0.0,0.0,0.0,0.0,0.0,0.0
1,male,0.0,0.0,0.0,0.0016143214274966379,0.0,0.00725780192548764,0.0,-0.004842969125459039,0.0,0.0,0.0,0.0,0.0,0.0
2,female,0.0,0.0,0.0,0.0032271170817385047,0.0,0.014515610927028499,0.0,-0.00968136092657644,0.0,0.0,0.0,0.0,0.0,0.0
2,male,0.0,0.0,0.0,0.0032286428549932757,0.0,0.01451560385097528,0.0,-0.009685938250918078,0.0,0.0,0.0,0.0,0.0,0.0
3,female,0.0,0.0,0.0,0.004840675622607757,0.0,0.021773416390542717,0.0,-0.014522041389864663,0.0,0.0,0.0,0.0,0.0,0.0
3,male,0.0,0.0,0.0,0.0048429642824899186,0.0,0.02177340577646291,0.0,-0.014528907376377131,0.0,0.0,0.0,0.0,0.0,0.0
4,female,0.0,0.0,0.0,0.006454234163477013,0.0,0.02903122185405701,0.0,-0.01936272185315289,0.0,0.0,0.0,0.0,0.0,0.0
4,male,0.0,0.0,0.0,0.006457285709986555,0.0,0.029031207701950584,0.0,-0.019371876501836166,0.0,0.0,0.0,0.0,0.0,0.0
5,female,0.0,0.0,0.0,0.00806779270434626,0.0,0.03628902731757122,0.0,-0.0242034023164411,0.0,0.0,0.0,0.0,0.0,0.0
5,male,0.0,0.0,0.0,0.008071607137483191,0.0,0.03628900962743822,0.0,-0.0242148456272952,0.0,0.0,0.0,0.0,0.0,0.0
6,female,0.0,0.0,0.0,0.009681351245215521,0.0,0.043546832781085454,0.0,-0.029044082779729342,0.0,0.0,0.0,0.0,0.0,0.0
6,male,0.0,0.0,0.0,0.009685928564979839,0.0,0.043546811552925835,0.0,-0.02905781475275427,0.0,0.0,0.0,0.0,0.0,0.0
7,female,0.0,0.0,0.0,0.011294909786084772,0.0,0.050804638244599715,0.0,-0.03388476324301756,0.0,0.0,0.0,0.0,0.0,0.0
7,male,0.0,0.0,0.0,0.011300249992476467,0.0,0.05080461347841346,0.0,-0.033900783878213284,0.0,0.0,0.0,0.0,0.0,0.0
8,female,0.0,0.0,0.0,0.012908468326954026,0.0,0.058416654775332345,0.0,-0.03872544370630578,0.0,0.0,0.0,0.0,0.0,0.0
8,male,0.0,0.0,0.0,0.012914571419973103,0.0,0.05806241540390115,0.0,-0.03874375300367231,0.0,0.0,0.0,0.0,0.0,0.0
9,female,0.0,0.0,0.0,0.014522026867823275,0.0,0.056900304760252346,0.0,-0.043566124169593996,0.0,0.0,0.0,0.0,0.0,0.0
9,male,0.0,0.0,0.0,0.014528892847469731,0.0,0.04916172622413634,0.0,-0.043586722129131325,0.0,0.0,0.0,0.0,0.0,0.0
10,female,0.0,0.0,0.0,0.01613558540869252,0.0,0.05546091328993841,0.0,-0.0484068046328822,0.0,0.0,0.0,0.0,0.0,0.0
10,male,0.0,0.0,0.0,0.016143214274966382,0.0,0.06042109878320773,0.0,-0.0484296912545904,0.0,0.0,0.0,0.0,0.0,0.0
11,female,0.0,0.0,0.0,0.01774914394956178,0.0,0.06445041428394081,0.0,-0.05324748509617043,0.0,0.0,0.0,0.0,0.0,0.0
11,male,0.0,0.0,0.0,0.01775753570246302,0.0,0.06804999477896068,0.0,-0.05327266038004944,0.0,0.0,0.0,0.0,0.0,0.0
12,female,0.0,0.0,0.0,0.019362702490431042,0.0,0.07344296627161595,0.0,-0.058088165559458685,0.0,0.0,0.0,0.0,0.0,0.0
12,male,0.0,0.0,0.0,0.019371857129959678,0.0,0.0756790301804896,0.0,-0.05811562950550854,0.0,0.0,0.0,0.0,0.0,0.0
13,female,0.0,0.0,0.0,0.02097626103130029,0.0,0.08243857462839502,0.0,-0.06292884602274688,0.0,0.0,0.0,0.0,0.0,0.0
13,male,0.0,0.0,0.0,0.020986178557456294,0.0,0.08330820503982667,0.0,-0.06295859863096752,0.0,0.0,0.0,0.0,0.0,0.0
14,female,0.0,0.0,0.0,0.022589819572169545,0.0,0.09143724473920939,0.0,-0.06776952648603513,0.0,0.0,0.0,0.0,0.0,0.0
14,male,0.0,0.0,0.0,0.02285077150115765,0.0,0.09093751940947312,0.0,-0.06780156775642657,0.0,0.0,0.0,0.0,0.0,0.0
15,female,0.0,0.0,0.0,0.011594334508608212,0.0,0.10043898199836429,0.0,-0.0726102069493234,0.0,0.0,0.0,0.0,0.0,0.0
15,male,0.0,0.0,0.0,0.0255766348941171,0.0,0.09856697334161221,0.0,-0.0726445368818856,0.0,0.0,0.0,0.0,0.0,0.0
16,female,0.0,0.0,0.0,0.014900601532253557,0.0,0.10181478693298464,0.0,-0.07261416367935959,0.0,0.0,0.0,0.0,0.0,0.0
16,male,0.0,0.0,0.0,0.026692076276144533,0.0,0.09557905216029129,0.0,-0.07265252949023934,0.0,0.0,0.0,0.0,0.0,0.0
17,female,0.0,0.0,0.0,0.018217930721351482,0.0,0.10319366983342369,0.0,-0.0726181204093959,0.0,0.0,0.0,0.0,0.0,0.0
17,male,0.0,0.0,0.0,0.027808754247067705,0.0,0.09259127064628293,0.0,-0.07266052209859312,0.0,0.0,0.0,0.0,0.0,0.0
18,female,3.2809598183277824e-06,0.05317122296197238,3.125764012403504e-08,0.021546359102601068,0.009013336947499931,0.10457563612226685,2.047113738745126e-08,-0.07978360874898932,0.0,0.0,0.0,3614.580844349769,1147.4859823867707,3706.379722401323
18,male,6.7348181269764225e-06,0.05548214342185857,1.1715216195725089e-07,0.028926670181363096,0.0045123157289642685,0.08960362885233637,3.013661559997896e-08,-0.05991127097174864,0.0,0.0,0.0,0.0,0.0,0.0
19,female,6.553233553139635e-06,0.05317122296197238,7.855913005034947e-08,0.024885923826634446,0.012889556226827706,0.10596069123216255,6.4685067729561905e-06,-0.08416040016164514,0.0,0.0,0.0,7229.161688699538,2294.9719647735415,7412.759444802646
19,male,1.3466482945558456e-05,0.05548214342185857,2.931396120683612e-07,0.030045825454548886,0.006419475768962408,0.08661612683127719,1.3039093418334024e-05,-0.04808809876757297,0.0,0.0,0.0,0.0,0.0,0.0
20,female,9.816838821033989e-06,0.05317122296197239,1.2647953992675407e-07,0.02823666216846009,0.01228620444863696,0.10734884060504697,0.002043923407350811,-0.08851793196268297,0.0,0.0,0.0,10843.742533049308,3442.457947160312,11119.13916720397
20,male,2.0194996241376405e-05,0.05548214342185857,4.69897595564686e-07,0.031166221443900768,0.006093437490086887,0.08362876463504862,0.00564145163272589,-0.03612671332245884,0.0,0.0,0.0,0.0,0.0,0.0
21,female,1.3110906834958225e-05,0.05317122296197238,1.7340098061727194e-07,0.026801398334208734,0.011618886572493792,0.10584659005257824,0.00240689858237501,-0.08628224486139151,0.0,0.0,0.0,14458.323377399076,4589.943929547083,14825.518889605291
21,male,2.695275165156435e-05,0.05548214342185857,6.429320250989285e-07,0.028696793917722556,0.005751405715596036,0.0788334780703082,0.006143928811770873,-0.041658272210830946,0.0,0.0,0.0,0.0,0.0,0.0
22,female,1.641591437327227e-05,0.05317122296197239,2.2006030561468736e-07,0.02536818999305196,0.010955082039232927,0.10434561834513566,0.0028343312056013574,-0.08404146077495199,0.0,0.0,0.0,18072.904221748846,5737.429911933853,18531.898612006615
22,male,3.3723583599401304e-05,0.05548214342185856,8.143053297253837e-07,0.026233435521047968,0.005414746601278408,0.074040269918776,0.006691128562559393,-0.04716039734733124,0.0,0.0,0.0,0.0,0.0,0.0
23,female,1.62212537845269e-05,0.05321579591074617,2.3400663342915584e-07,0.023937034204110502,0.010451816415866094,0.102845924036145,0.0033376672692119417,-0.08179556810358153,0.0,0.0,0.0,14458.323377399076,4589.943929547083,14825.518889605291
23,male,3.327532710479335e-05,0.055592366465264935,8.655535425952567e-07,0.02377613135369536,0.005280815837006405,0.06924913717150945,0.007287028266225546,-0.052633245577525356,0.0,0.0,0.0,2613.0592802344268,829.5426285655838,2679.4226905196733
24,female,1.6025899607304462e-05,0.05326160574201471,2.3180072841629588e-07,0.0225079280303072,0.010009081251548048,0.1013475056817445,0.003930385207575255,-0.07954455522132221,0.0,0.0,0.0,10843.742533049308,3442.4579471603115,11119.139167203966
24,male,3.2826170200337196e-05,0.0557058223658513,8.576654253770296e-07,0.021324866552094385,0.005225013184164296,0.06446007682352836,0.007935958731461886,-0.058076972910837424,0.0,0.0,0.0,5226.1185604688535,1659.0852571311675,5358.845381039347
25,female,1.5829850063052173e-05,0.05330870466470007,2.2960531132815503e-07,0.021080868539200843,0.009545321634177146,0.09985036183902525,0.004628356781255887,-0.07728841047564744,-9788.960770578415,-9113.563349122014,-27760.959257694456,7229.16168869954,2294.971964773541,7412.759444802645
25,male,3.237611154036055e-05,0.05582265547070322,8.498331177007848e-07,0.018879626289391164,0.0051443148591477595,0.05967308587431702,0.00864263557115548,-0.06349173452590265,-12394.027389814231,-11078.57435119651,-41390.00991034168,7839.17784070328,2488.627885696751,8038.26807155902
26,female,1.563310336726641e-05,0.053357147867981104,2.2742034037172464e-07,0.01965585280224099,0.009059733015756318,0.09835449106727509,0.005450272038004024,-0.07502712218717007,-9788.960770578415,-9113.563349122014,-27760.959257694456,3614.580844349769,1147.4859823867707,3706.379722401323
26,male,3.192514977327001e-05,0.055943018850201885,8.420562626468722e-07,0.01644039577508951,0.005038276889560062,0.05488816132803834,0.00941219336185873,-0.06887768477364034,-12394.027389814231,-11078.57435119651,-41390.00991034168,10452.237120937707,3318.170514262335,10717.690762078693
27,female,1.543565772909875e-05,0.05340699373702558,2.252457739072396e-07,0.018232877895223345,0.00855146426875562,0.09685989192676106,0.006418139727548999,-0.07276067865049132,-9788.960770578415,-9113.563349122014,-27760.959257694456,0.0,0.0,0.0
27,male,3.1473283540825084e-05,0.05606707496709883,8.343345054529093e-07,0.01400716025455468,0.004906421395905312,0.05010530019319234,0.010250222832561908,-0.07423497718321619,-12394.027389814231,-11078.57435119651,-41390.00991034168,13065.296401172134,4147.713142827918,13397.113452598367
28,female,1.5249173978696463e-05,0.05376887467582754,2.4013490219801297e-07,0.01681194089826093,0.008760748479022248,0.09536656297971728,0.007557876566950083,-0.07048906813317468,-9788.960770578415,-9113.563349122014,-27760.959257694456,0.0,0.0,0.0
28,male,3.128900154053075e-05,0.05675772922203691,8.837480039596562e-07,0.011579905010149112,0.005006611522443207,0.045324499481494945,0.011162811351217043,-0.079563764465219,-12394.027389814231,-11078.57435119651,-41390.00991034168,10528.823246829781,3342.483570099804,10796.221932443968
29,female,1.5062026510310456e-05,0.05414096818032424,2.6360228995457267e-07,0.015393038895074204,0.009173495373446819,0.09387450279031286,0.008900001131682225,-0.06821227887614069,-9788.960770578415,-9113.563349122014,-27760.959257694456,0.0,0.0,0.0
29,male,3.1104332609712395e-05,0.057457930698951006,9.614185211565973e-07,0.009158615359510791,0.0051518763783276736,0.040545756211273536,0.012156587001071596,-0.0848641985165369,-12394.027389814231,-11078.57435119651,-41390.00991034168,7992.350092487429,2537.25399737169,8195.33041228957
30,female,1.4874213607586387e-05,0.05452371274788231,2.8693727034108635e-07,0.013976168974345261,0.009381582330863907,0.09238370992346759,0.010480450948458772,-0.06593029909366158,-9415.151993806154,-8739.754572349753,-27387.15048092219,0.0,0.0,0.0
30,male,3.091927611169174e-05,0.058167878738896145,1.0383287041939242e-06,0.006743276657165231,0.005205759763129409,0.03576906740233197,0.013238766564736654,-0.09013643042435879,-6436.266981236993,-5120.813942619271,-35432.24950176444,5455.8769381450775,1732.0244246435757,5594.438892135172
31,female,1.4655551033011114e-05,0.05491757234408495,3.0878107272873586e-07,0.014034327722119783,0.010627364196349173,0.08519246080987279,0.010074542022966296,-0.06070122774732996,-9415.151993806154,-8739.754572349753,-27387.15048092219,0.0,0.0,0.0
31,male,3.0685510504363936e-05,0.058887778271339224,1.1186267863145683e-06,0.006926027024459273,0.005791692140045251,0.03291144684729015,0.01019252130426954,-0.05791269074030703,-6436.266981236993,-5120.813942619271,-35432.24950176444,2919.4037838027243,926.7948519154617,2993.5473719807733
32,female,1.4437058474793142e-05,0.0553230382789893,3.302804988448004e-07,0.014093233110865154,0.011922340809420675,0.07800163205625066,0.009686285776704353,-0.055464231394008426,-9415.151993806154,-8739.754572349753,-27387.15048092219,0.0,0.0,0.0
32,male,3.0452016418166085e-05,0.05961784001137602,1.1987567005486591e-06,0.007111703227308509,0.00639364167486837,0.03005606450621584,0.007841480356805387,-0.024908908098877816,-6436.266981236993,-5120.813942619271,-35432.24950176444,382.93062946037173,121.56527918734751,392.6558518263743
33,female,1.4323712176717498e-05,0.05615993667918201,3.6311534354872735e-07,0.014152885789270667,0.01364228812823088,0.07081122393678309,0.009314927226089752,-0.050219287798126594,-9415.151993806154,-8739.754572349753,-27387.15048092219,1269.4292890756778,402.9934250124216,1301.6687633193962
33,male,3.2229052507457874e-05,0.062172953729592736,1.5119120290806102e-06,0.007300310314948277,0.007904156582578311,0.02720292376740857,0.006028560834573841,0.008896895250719447,-6436.266981236993,-5120.813942619271,-35432.24950176444,3312.3639788898654,1051.544120261307,3396.487508832246
34,female,1.4210452960284211e-05,0.05700951060199039,4.008776409936025e-07,0.014213286406137449,0.015586679308594448,0.06362123672577416,0.008959744840500697,-0.044966374662358505,-9415.151993806154,-8739.754572349753,-27387.15048092219,2538.8585781513557,805.9868500248432,2603.3375266387925
34,male,3.4003927648153516e-05,0.06445840329816242,1.939178993044706e-06,0.007491853344877647,0.009761343160249524,0.024352028022401426,0.004631740040451879,0.0435273162801997,-6436.266981236993,-5120.813942619271,-35432.24950176444,6241.79732831936,1981.5229613352662,6400.319165838117
35,female,1.409728077552066e-05,0.057872050216848325,4.3804453481227776e-07,0.01427443561128125,0.017578025475891063,0.056431670696861405,0.00862004917375242,-0.039705469626215115,-9345.59381280892,-8670.19639135252,-27317.592299924963,3808.2878672270335,1208.9802750372648,3905.006289958189
35,male,3.577664381026747e-05,0.06651473902508372,2.3655503857432275e-06,0.007686337383914842,0.011463474491650092,0.021503380668751723,0.0035563497165307864,0.07900558863583418,-3116.756948067897,-1801.303909450174,-32112.739468595348,9171.230677748854,2911.5018024092255,9404.150822843989
36,female,1.3984195572397932e-05,0.05874785461807959,4.74615972047067e-07,0.014336334054857035,0.019615059937972024,0.04924252612558025,0.008295181556570221,-0.034436550267281055,-9345.59381280892,-8670.19639135252,-27317.592299924963,5077.717156302711,1611.9737000496864,5206.675053277585
36,male,3.75472029624282e-05,0.06837476904191803,2.791032361387506e-06,0.007883767507029254,0.013032165652772229,0.018656985109046828,0.0027290307451726475,0.11535560056901512,-3116.756948067897,-1801.303909450174,-32112.739468595348,12100.664027178349,3841.480643483185,12407.982479849861
37,female,1.3871197300838495e-05,0.05963723217069105,5.105918945805945e-07,0.014398982387357543,0.021696517184019545,0.0420538032857275,0.007984512848413254,-0.029159594099417263,-9345.59381280892,-8670.19639135252,-27317.592299924963,6347.146445378389,2014.967125062108,6508.343816596981
37,male,3.931560707189179e-05,0.0700653228701597,3.2156310534584634e-06,0.008084148798682567,0.014485064372183507,0.01581284475124795,0.0020929997792143804,0.15260191338686185,-3116.756948067897,-1801.303909450174,-32112.739468595348,15030.097376607842,4771.459484557144,15411.814136855732
38,female,1.3919094423570103e-05,0.060823210631746345,5.714901486820912e-07,0.014462381260520248,0.02489352562417604,0.03486550245362228,0.007687442246951307,-0.023874578573973564,-9345.59381280892,-8670.19639135252,-27317.592299924963,6251.6100131874855,1984.6380989804595,6410.381062211668
38,male,4.524331568970473e-05,0.07430240239159505,4.174317125561745e-06,0.008287486351036773,0.017426713487958823,0.012970963007969266,0.0015318161815250737,0.16354074911070166,-3116.756948067897,-1801.303909450174,-32112.739468595348,14391.05575868477,4568.589129714443,14756.542890275554
39,female,1.3966951634676235e-05,0.06200013013717925,6.443593403435214e-07,0.014526531326011043,0.02864539482740958,0.027677623903051278,0.0074033961538251675,-0.018581481078458154,-9345.59381280892,-8670.19639135252,-27317.592299924963,6156.073580996581,1954.309072898811,6312.418307826354
39,male,5.116383876142567e-05,0.07755434536074794,5.401030674822974e-06,0.008493785266059076,0.02058518597380923,0.010131343297324225,0.00110872782646248,0.1680788960004383,-3116.756948067897,-1801.303909450174,-32112.739468595348,13752.014140761703,4365.718774871741,14101.271643695374
40,female,1.4014768958664438e-05,0.06316809408572527,7.160472897226835e-07,0.014591433236288937,0.03239021244202504,0.020490167909788835,0.007131827095298391,-0.013280278937513101,-5355.220276786046,-5441.44374067487,-26444.581676129088,6060.537148805679,1923.9800468171627,6214.455553441041
40,male,5.7077182831837895e-05,0.08012894235786208,6.625218044815625e-06,0.008703050654125029,0.02311318887142995,0.007293989042376454,0.0008024802345387716,0.17261704289017493,-265.5143387164503,-471.10300457668427,-29817.028341010748,13112.972522838632,4162.848420029039,13446.000397115193
41,female,1.4042345576329216e-05,0.06432720430849606,7.832941887745347e-07,0.012552413194558807,0.036075404059087005,0.012627356499063151,0.0047161685312886205,-0.018252738810247263,-5355.220276786046,-5441.44374067487,-26444.581676129088,5965.000716614774,1893.6510207355147,6116.492799055728
41,male,6.28458855913873e-05,0.08221785864520656,7.794242339125052e-06,0.005524566332993005,0.02512935699158364,0.003104840814009562,0.0009616874102139672,0.17715518977991157,-265.5143387164503,-471.10300457668427,-29817.028341010748,12473.930904915564,3959.978065186337,12790.729150535015
42,female,1.4069774384258844e-05,0.06547756109857564,8.487940964888318e-07,0.010514927121931632,0.039734206880443906,0.0047645458072295786,0.0031199784607996244,-0.023172637459536634,-5355.220276786046,-5441.44374067487,-26444.581676129088,5869.464284423871,1863.3219946538663,6018.530044670415
42,male,6.858200363700697e-05,0.08394667949178919,8.944640455300425e-06,0.002348857981129983,0.026810520125896766,-0.0010842855001080322,0.0011524573807060222,0.18169333666964826,-265.5143387164503,-471.10300457668427,-29817.028341010748,11834.889286992495,3757.1077103436355,12135.457903954833
43,female,1.5283721122150518e-05,0.0701871414743823,1.0842591488696457e-06,0.00847897311696664,0.047934490233134674,-0.0030982641650243187,0.002064873676751049,-0.02804034938892587,-5355.220276786046,-5441.44374067487,-26444.581676129088,5163.425371173324,1639.18265721247,5294.559984510858
43,male,8.399248726156549e-05,0.0866521260920029,1.1204333501354337e-05,-0.0008240790277680172,0.028291195235023384,-0.005273389894914023,0.0013810433126778935,0.18623148355938487,-265.5143387164503,-471.10300457668427,-29817.028341010748,10618.40329442019,3370.921680768314,10888.077028881657
44,female,1.649317776365786e-05,0.07419003491855558,1.3982914918002187e-06,0.006444549280665089,0.057373378936077635,-0.010961073418396708,0.0013671657397808924,-0.03285624643311864,-5355.220276786046,-5441.44374067487,-26444.581676129088,4457.386457922776,1415.0433197710734,4570.589924351301
44,male,9.931657764076936e-05,0.08850994809784045,1.3990222034022561e-05,-0.003994249312195624,0.029468066255152445,-0.00946247236799703,0.0016429361556162469,0.18644449920097214,-265.5143387164503,-471.10300457668427,-29817.028341010748,9401.917301847885,2984.7356511929943,9640.69615380848
45,female,1.7698156705690005e-05,0.07763420131602469,1.704495693143237e-06,0.004411653716395923,0.06546653986632885,-0.018823881952340922,0.0009056099059521368,-0.037620697777899496,-2536.661072484204,-2622.884536373029,-23626.02247182724,3751.3475446722287,1190.903982329677,3846.619864191744
45,male,0.00011455464267705193,0.08986454052896026,1.6731783584498776e-05,-0.007161657482696306,0.030336853129580583,-0.013651532915817092,0.001889751099793823,0.1668324539871314,-449.5216776717188,-655.1103435319527,-30001.035679966015,8185.431309275581,2598.549621617673,8393.315278735301
46,female,1.8898670318678085e-05,0.08062899044953957,2.009834230346029e-06,0.0019359701505117424,0.07224370406777395,-0.017747603322633438,0.00059541678170434,-0.041001125508239956,-2536.661072484204,-2622.884536373029,-23626.02247182724,3045.308631421682,966.7646448882804,3122.6498040321876
46,male,0.00012970705061259754,0.09089597989134302,1.9187980948864077e-05,-0.00921491742728229,0.03081614399296133,-0.013155389370678349,0.0022327935570338802,0.14437401788660714,-449.5216776717188,-655.1103435319527,-30001.035679966015,6968.945316703274,2212.363592042352,7145.934403662124
47,female,2.0094730947099663e-05,0.08325696483127562,2.309632546046734e-06,-0.0005381889296928351,0.07811568202249011,-0.016671323974046026,0.0003915399520407178,-0.04433083803752133,-2536.661072484204,-2622.884536373029,-23626.02247182724,2339.2697181711346,742.6253074468839,2398.6797438726303
47,male,0.00014477417045473837,0.09170758043446668,2.1532611059127265e-05,-0.011265424456525928,0.031164422447138875,-0.012659223893928406,0.0026417824846819513,0.12239351412687662,-449.5216776717188,-655.1103435319527,-30001.035679966015,5752.459324130971,1826.1775624670315,5898.553528588946
48,female,2.1959797604686946e-05,0.08636656387615262,2.713260366963017e-06,-0.003010825414227326,0.08571677796093079,-0.015595043906116787,0.00025751768050481273,-0.04761019671644266,-2536.661072484204,-2622.884536373029,-23626.02247182724,2694.653768419382,855.4456408306652,2763.0894203357975
48,male,0.00016800429830264298,0.0929774225134051,2.4732277774612136e-05,-0.01331318315765115,0.032561774512674606,-0.012163036481686498,0.003130362751520953,0.10088128944737096,-449.5216776717188,-655.1103435319527,-30001.035679966015,6224.4179711642355,1976.0057044679709,6382.498427265465
49,female,2.3817971121453346e-05,0.08898047536198778,3.1651064799302974e-06,-0.005481941189927846,0.0933432434138533,-0.014518763119034698,0.00016940056198805621,-0.05083956032057024,-2536.661072484204,-2622.884536373029,-23626.02247182724,3050.037818667629,968.2659742144464,3127.4990967989647
49,male,0.0001911039367652009,0.09393406247442551,2.825292902723512e-05,-0.01535819811107755,0.034154646178237644,-0.011666827131652877,0.003715277277173834,0.0798278855675296,-449.5216776717188,-655.1103435319527,-30001.035679966015,6696.376618197499,2125.8338464689095,6866.443325941981
50,female,2.5669270552378e-05,0.09120847308198024,3.608664148390052e-06,-0.007951538142114294,0.09973026636507434,-0.013442481612932536,0.00011145520566811432,-0.054019285068985984,-2314.2725402016863,-2464.9698512554733,-21702.403758159853,3405.421868915877,1081.086307598228,3491.908773262132
50,male,0.00021407365970000812,0.09468065434175303,3.16056523188065e-05,-0.017400473889032503,0.035347283968037074,-0.011170595840454163,0.004417155294296228,0.05922403524300218,-2642.3857382946494,-2926.0102602860593,-27988.155345650528,7168.335265230763,2275.6619884698484,7350.388224618501
51,female,2.754386967227806e-05,0.0931301454323964,4.053233001637739e-06,-0.00929182926794469,0.10515980419535177,-0.012278072988347672,0.00019308823129118762,-0.04590385945679255,-2314.2725402016863,-2464.9698512554733,-21702.403758159853,3760.8059191641237,1193.906640982009,3856.318449725298
51,male,0.00023691105697838373,0.09527953450619084,3.479104692778155e-05,-0.019457957359937172,0.03622665591296408,-0.011183768990857858,0.005808090257876026,0.05292933394304624,-2642.3857382946494,-2926.0102602860593,-27988.155345650528,7640.293912264026,2425.490130470788,7834.333123295017
52,female,2.941569573761666e-05,0.094804603444894,4.49166412838458e-06,-0.010632111339097068,0.10980802734679371,-0.011113660578819885,0.0003345108910962256,-0.037768548875150784,-2314.2725402016863,-2464.9698512554733,-21702.403758159853,4116.18996941237,1306.7269743657905,4220.7281261884655
52,male,0.0002596190765738334,0.0957705935299369,3.781202395590952e-05,-0.021512650648932877,0.03690620075178912,-0.011196810445619602,0.007652191743116973,0.04668778538244977,-2642.3857382946494,-2926.0102602860593,-27988.155345650528,8112.2525592972925,2575.318272471727,8318.278021971535
53,female,3.1981120005006614e-05,0.09649349687213588,5.01265919968798e-06,-0.011972384356867174,0.11378327419153583,-0.009949244384171992,0.0005795158419465793,-0.02961326300678032,-2314.2725402016863,-2464.9698512554733,-21702.403758159853,4172.988611601502,1324.758289296702,4278.969273534313
53,male,0.00031504230918868005,0.09480750361941362,4.4018051768246744e-05,-0.02356455845697192,0.03621560946661039,-0.011209720252006262,0.010103703766866798,0.04049901279960863,-2642.3857382946494,-2926.0102602860593,-27988.155345650528,8278.287551601075,2628.0277938433583,8488.52977552657
54,female,3.454275242961308e-05,0.0979295977759216,5.570131195749663e-06,-0.013312648322052274,0.11711475522647052,-0.008784824404029529,0.0010039741938550394,-0.021437911123862098,-2314.2725402016863,-2464.9698512554733,-21702.403758159853,4229.787253790634,1342.7896042276138,4337.21042088016
54,male,0.00037015361231191826,0.09413578250431004,5.156667942715796e-05,-0.025613685476446983,0.035090936917223835,-0.011222498458340061,0.013372422838178886,0.03436264210471522,-2642.3857382946494,-2926.0102602860593,-27988.155345650528,8444.322543904857,2680.737315214989,8658.781529081602
55,female,3.7100597250455466e-05,0.09916571100081967,6.119805086905663e-06,-0.014652903235113653,0.1199047762561075,-0.007620400639007523,0.0017393363890960396,-0.013242402086403038,-4842.148715003878,-4992.846026057666,-24230.279932962043,4286.585895979765,1360.8209191585256,4395.451568226007
55,male,0.00042495435920812593,0.09364057934305192,5.87312122223449e-05,-0.027660036392540544,0.03424629971290655,-0.011235145112023207,0.017745215916537233,0.02827830185674897,-6191.272499212436,-6474.897021203846,-31537.04210656831,8610.35753620864,2733.44683658662,8829.033282636636
56,female,3.965465870654584e-05,0.10024089182504438,6.661725687186326e-06,-0.015993149097072612,0.12226155660689884,-0.006455973088222048,0.003013353187756805,-0.005026644340275075,-4842.148715003878,-4992.846026057666,-24230.279932962043,4343.384538168897,1378.8522340894374,4453.692715571854
56,male,0.0004794459282598647,0.09326039531147919,6.551601322027465e-05,-0.029703615881626993,0.03357780575601831,-0.011247660262752035,0.023616678574944004,0.022245623249185432,-6191.272499212436,-6474.897021203846,-31537.04210656831,8776.392528512422,2786.156357958251,8999.285036191668
57,female,4.220494103720749e-05,0.10118464766427847,7.195937705223627e-06,-0.01733338590932891,0.124266085612723,-0.0052915417514114126,0.005220637702623441,0.0032094540838293953,-4842.148715003878,-4992.846026057666,-24230.279932962043,4400.183180358028,1396.883549020349,4511.933862917702
57,male,0.0005336297045020116,0.09295932730956666,7.192541626332276e-05,-0.03174442861394531,0.033027453096556685,-0.011260043956258653,0.03153328223024724,0.01626424008985979,-6191.272499212436,-6474.897021203846,-31537.04210656831,8942.427520816203,2838.8658793298823,9169.5367897467
58,female,4.289792778976651e-05,0.10204496819556878,7.467023631239185e-06,-0.018673613672315213,0.12629596916490873,-0.004127106628539976,0.009044942288968487,0.011465985573263155,-4842.148715003878,-4992.846026057666,-24230.279932962043,5794.636203328923,1839.5670485859505,5941.801566234112
58,male,0.0005735071420987758,0.09280260475845917,7.664711792615238e-05,-0.0337824792497651,0.032837279148067416,-0.011272296240795681,0.042257724170687794,0.010333788782537365,-6191.272499212436,-6474.897021203846,-31537.04210656831,9251.893413927402,2937.1090200589665,9486.862134399405
59,female,4.358987198835406e-05,0.10287672917133059,7.60680043230969e-06,-0.020013832386829106,0.12837484553606837,-0.0029626677196574825,0.01567106295813016,0.019743042935102578,-4842.148715003878,-4992.846026057666,-24230.279932962043,7189.089226299816,2282.250548151552,7371.669269550523
59,male,0.0006131578255871447,0.0926669707959639,8.036240109284005e-05,-0.03581777244277603,0.032832350766845486,-0.011284417164822454,0.056864052413197225,0.00445390830635607,-6191.272499212436,-6474.897021203846,-31537.04210656831,9561.359307038603,3035.3521607880507,9804.187479052112
60,female,4.4280774825878496e-05,0.10368132948464147,7.744179061318045e-06,-0.021354042053667487,0.13035948233518718,-0.0017982250237377462,0.027152087725566296,0.028040719397954876,-9700.115344062482,-10714.374766028974,-21215.20292028194,8583.542249270711,2724.9340477171536,8801.536972866934
60,male,0.0006525828189434772,0.09254843722673443,8.38137935135753e-05,-0.03785031283849617,0.03280908747014733,-0.011296406776555414,0.07688059559376967,-0.0013757597978955212,-12236.981553741582,-13676.689235746728,-31957.0659496159,9870.825200149804,3133.5953015171344,10121.512823704816
61,female,4.499195763863865e-05,0.10446007813621866,7.897582458261883e-06,-0.021037862813365168,0.13244526018373948,-0.0018306918518030736,0.022536289179877565,0.021341464281631334,-9700.115344062482,-10714.374766028974,-21215.20292028194,9977.995272241607,3167.617547282755,10231.404676183343
61,male,0.0006943997137009916,0.092443961863769,8.958875120409449e-05,-0.0369133592229841,0.03288531645813063,-0.011093637096839254,0.07568636802133934,-0.0030627909722857494,-12236.981553741582,-13676.689235746728,-31957.0659496159,10180.291093261005,3231.8384422462186,10438.83816835752
62,female,4.5702764677098176e-05,0.10521420134081835,8.049230661319211e-06,-0.020721612485109994,0.13445418200928702,-0.0018631512652016358,0.018708162864825396,0.014666570114021081,-9700.115344062482,-10714.374766028974,-21215.20292028194,11372.4482952125,3610.3010468483562,11661.272379499755
62,male,0.0007362978644006468,0.09235118373672926,9.540421376487427e-05,-0.03597605331965256,0.032949606989811246,-0.010890863352749813,0.07451282696836865,-0.004749423387275815,-12236.981553741582,-13676.689235746728,-31957.0659496159,10489.756986372204,3330.0815829753024,10756.163513010226
63,female,4.897915724851984e-05,0.10555664198073113,8.560126093250923e-06,-0.020405291088208505,0.1381114590712857,-0.0018956032630668977,0.015532870650216536,0.008015917170549915,-9700.115344062482,-10714.374766028974,-21215.20292028194,10283.432300240447,3264.5816832848986,10544.598835510049
63,male,0.0007730447870512583,0.09222512860893274,0.00010073610622273049,-0.03503839491505362,0.033641371095022375,-0.01068808554329477,0.07335955544085974,-0.006435657297373672,-12236.981553741582,-13676.689235746728,-31957.0659496159,10952.613008882603,3477.0200027717133,11230.774608848127
64,female,5.2253829020313426e-05,0.10585599381019939,9.23955383709462e-06,-0.02008889864197517,0.14215830645305302,-0.0019280478453253627,0.012898718214703902,0.0013893863139133374,-9700.115344062482,-10714.374766028974,-21215.20292028194,9194.416305268393,2918.862319721441,9427.925291520343
64,male,0.0008098629741813964,0.09211029944119911,0.00010586440437340243,-0.03410038379701378,0.03458021446648265,-0.010485303669058215,0.07222614647447158,-0.008121492955359697,-12236.981553741582,-13676.689235746728,-31957.0659496159,11415.469031393,3623.9584225681247,11705.385704686032
65,female,5.552678071996941e-05,0.1061199081556046,9.912295994316587e-06,-0.019772435164880513,0.14568535800682145,-0.001960485010062675,0.010713173550978302,-0.005213141007390657,0.0,0.0,0.0,8105.400310296339,2573.142956157983,8311.251747530636
65,male,0.0008467525360247209,0.09200526055352873,0.00011102810886930753,-0.033162019752433054,0.035434503596826185,-0.01028251772949803,0.07111220284596899,-0.009806930616269765,0.0,0.0,0.0,11878.325053903398,3770.896842364536,12179.996800523933
66,female,5.8798013077982004e-05,0.10635432603791932,1.0578338632052217e-05,-0.01945590067701205,0.14878090330981977,-0.001992914757800533,0.008899571772057368,-0.011791782761763302,0.0,0.0,0.0,7016.384315324284,2227.4235925945254,7194.578203540928
66,male,0.0008837135829593189,0.09190881106718399,0.00011622735179573696,-0.03222330256813809,0.03621464456346798,-0.010079727723622112,0.07001733679467766,-0.011491970529827207,0.0,0.0,0.0,12341.181076413797,3917.8352621609474,12654.607896361835
67,female,6.20675268280148e-05,0.10656393076272612,1.1237667801718969e-05,-0.019139295196396573,0.1515143010652963,-0.002025337088153234,0.007394387714637356,-0.018346656337831318,0.0,0.0,0.0,5927.368320352232,1881.7042290310678,6077.904659551223
67,male,0.0009207462254750559,0.09181993878889115,0.0001214622655398281,-0.03128423203082594,0.03692940157658147,-0.009876933652577108,0.06894116975274375,-0.013176612951610604,0.0,0.0,0.0,12804.037098924195,4064.773681957359,13129.218992199738
68,female,6.449285713212755e-05,0.10776218599924196,1.1808281158524022e-05,-0.018822618742538363,0.1555805208459463,-0.002057751999347983,0.006144978328793124,-0.024877878547661398,0.0,0.0,0.0,5846.093083437493,1855.9025663846753,5994.565289355079
68,male,0.0009804696107977135,0.09211329316924376,0.00012946184641239266,-0.030344807927562716,0.03780157920454453,-0.00967413551413235,0.0678833320852109,-0.014860858135109074,0.0,0.0,0.0,12642.89975214815,4013.6189686790685,12963.989268725516
69,female,6.691691197880787e-05,0.10887302256891042,1.2338328410955505e-05,-0.018505871334502405,0.16013735967194218,-0.002090159491509565,0.00510771378790916,-0.03138556562950366,0.0,0.0,0.0,5764.817846522754,1830.1009037382828,5911.225919158934
69,male,0.0010403091017219814,0.092373440905911,0.0001388910876632004,-0.029405030044870856,0.03870532107247663,-0.00947133330999759,0.06684346283839017,-0.016544706333315454,0.0,0.0,0.0,12481.762405372105,3962.464255400779,12798.759545251292
70,female,6.933969192532549e-05,0.1099056702317806,1.286272595340934e-05,-0.01818905299115382,0.1643407949848522,-0.0021225595633175944,0.004246430263732511,-0.03786983324950145,0.0,0.0,0.0,5683.542609608015,1804.2992410918907,5827.886548962788
70,male,0.0011002648773648664,0.0926057182811197,0.00014838603687967545,-0.028464898169200618,0.03950625558221466,-0.009268527038392354,0.06582120949725392,-0.018228157795749385,0.0,0.0,0.0,12320.625058596059,3911.3095421224893,12633.52982177707
71,female,7.190309882459866e-05,0.11086810360331685,1.3406789360502144e-05,-0.016943159661762457,0.16814867881094597,-0.002388237920472206,0.005075739830179733,-0.0391092907877914,0.0,0.0,0.0,5602.267372693274,1778.4975784454982,5744.547178766644
71,male,0.0011624238443944453,0.09281437632803458,0.0001580873281432924,-0.027092322743911802,0.040170525478301106,-0.009677541790878975,0.07012807442013048,-0.01809637738851128,0.0,0.0,0.0,12159.487711820013,3860.1548288442,12468.300098302849
72,female,7.447509306628666e-05,0.11176724849645125,1.3947140421679276e-05,-0.015696816115920418,0.17166795484935218,-0.002653894516044618,0.006068622116813059,-0.040348484820006934,0.0,0.0,0.0,5520.992135778536,1752.6959157991057,5661.207808570499
72,male,0.0012249196414087751,0.09300284336880574,0.00016787195626392025,-0.02571867920014199,0.040758991380858374,-0.010086253033125648,0.0747192100948077,-0.017963145624371183,0.0,0.0,0.0,11998.350365043967,3809.0001155659097,12303.070374828629
73,female,7.459904626509299e-05,0.11163470506600949,1.4152949728502108e-05,-0.014450022049154368,0.17518111844232606,-0.0029195293537319787,0.007257718805519387,-0.04158741520864828,0.0,0.0,0.0,6788.308142540348,2155.018457799487,6960.709618786735
73,male,0.0012785847235343819,0.0925588695445155,0.00017693167197990476,-0.02434396641924512,0.041117195831651056,-0.010494660932225394,0.0796135136393557,-0.017828460734216012,0.0,0.0,0.0,11442.705172428776,3632.604816558439,11733.31355821193
74,female,7.472320549394918e-05,0.1115021482937081,1.4193003901281079e-05,-0.013202777156687103,0.1786931391923845,-0.003185142435276451,0.008682276150688673,-0.04282608181488004,0.0,0.0,0.0,8055.62414930216,2557.3409997998674,8260.211429002968
74,male,0.0013325383869757397,0.09214848066697288,0.00018568267798564902,-0.022968183278907282,0.04131599211613269,-0.010902765655798117,0.08483114597145712,-0.017692320952014784,0.0,0.0,0.0,10887.059979813586,3456.2095175509676,11163.556741595232
75,female,7.484757109424227e-05,0.11136957817753254,1.423222024778103e-05,-0.011955081132820934,0.18218971194263994,-0.003450733765025447,0.01038950357580651,-0.044064484501108836,0.0,0.0,0.0,9322.94015606397,2959.6635418002484,9559.713239219205
75,male,0.001386781780949814,0.09176800475977547,0.00019450758644671732,-0.021591328658633665,0.041492387687936616,-0.011310567372831426,0.09039361677232356,-0.017554724504600324,0.0,0.0,0.0,10331.414787198391,3279.8142185434967,10593.799924978533
76,female,7.497214340788733e-05,0.11123699471546779,1.4484177808926883e-05,-0.011215777254803551,0.18586631675635584,-0.003642447053999756,0.011871315067062859,-0.04377609085662263,0.0,0.0,0.0,10590.25616282578,3361.986083800629,10859.21504943544
76,male,0.0014413160558168188,0.09141428631963114,0.00020370810743135394,-0.02048461913089775,0.04161325604908378,-0.011898671752854419,0.09584885166247314,-0.016602015717985433,0.0,0.0,0.0,9775.769594583202,3103.418919536026,10024.043108361839
77,female,7.509692277738462e-05,0.11110439790549848,1.4738561245303476e-05,-0.010476021634632262,0.18953536606912638,-0.003834138597577917,0.013577939162481381,-0.04348743301493676,0.0,0.0,0.0,11857.572169587595,3764.3086258010103,12158.716859651675
77,male,0.0014961423628880853,0.09108459859673532,0.00021300834573437694,-0.01937683587613177,0.041715968447006,-0.012486473461170712,0.1016477525108502,-0.015647846718339596,0.0,0.0,0.0,9220.124401968009,2927.023620528555,9454.28629174514
78,female,7.400431598000864e-05,0.11164477237927918,1.483941669722934e-05,-0.009735813966941672,0.19481174441374335,-0.004025808398633403,0.015544399990456459,-0.04319851083857283,0.0,0.0,0.0,10359.495756789313,3288.7288121479005,10622.594061890597
78,male,0.001461340749682546,0.09156935477520409,0.00021457870481123107,-0.018267977768589117,0.04421853491506636,-0.013073972664804034,0.10781245445489468,-0.014692215726277635,0.0,0.0,0.0,9495.398289960574,3014.4121560406893,9736.551262484285
79,female,7.290774115800555e-05,0.11220328304686454,1.4858821718630594e-05,-0.008995153945065523,0.2010228813665463,-0.004217456460774554,0.01781129515167874,-0.042909324188282055,0.0,0.0,0.0,8861.419343991029,2813.148998494791,9086.47126412952
79,male,0.0014263339121546852,0.09208066510008452,0.00021222457767401155,-0.017158043681427395,0.04804770204740359,-0.013661169531920316,0.11436654254041054,-0.013735120963083589,0.0,0.0,0.0,9770.672177953142,3101.8006915528235,10018.81623322343
80,female,7.180718791913811e-05,0.11278085852931018,1.4875226215340192e-05,-0.008254041263028464,0.20743812612403278,-0.004409082786478277,0.020425694787206693,-0.04261987292560561,0.0,0.0,0.0,7363.342931192745,2337.569184841681,7550.348466368439
80,male,0.0013911209861460752,0.09262077290310793,0.00020983227414479448,-0.01604703248829659,0.05207130307410782,-0.014248064229078095,0.12133514784147229,-0.012776560644219278,0.0,0.0,0.0,10045.946065945709,3189.1892270649582,10301.081203962574
81,female,7.068572034466931e-05,0.11337849194563024,1.4889958341181224e-05,-0.007467757345320028,0.21412805811026855,-0.004461033495545254,0.0033295845701733842,-0.06678021073020571,0.0,0.0,0.0,5865.266518394464,1861.9893711885709,6014.2256686073615
81,male,0.0013541827153538489,0.09319218153126121,0.00020735322831774174,-0.01504976715386062,0.05638612602883646,-0.014133620158454652,0.12341068515117143,-0.011880991341405535,0.0,0.0,0.0,10321.219953938275,3276.5777625770925,10583.346174701719
82,female,6.956078831917442e-05,0.11399724661143049,1.4901664620681474e-05,-0.006680957589770364,0.2210477184915608,-0.004512984150041661,0.0005431375904121561,-0.09034650303574823,0.0,0.0,0.0,4367.19010559618,1386.4095575354615,4478.102870846283
82,male,0.0013171186183675485,0.09379769314256037,0.0002048367410823615,-0.014051649715680643,0.0609434239482933,-0.014019151477651535,0.1255376271593352,-0.010984105689241817,0.0,0.0,0.0,10596.493841930842,3363.9662980892267,10865.611145440862
83,female,7.043334746240831e-05,0.1155661919178407,1.5569893202727265e-05,-0.00589364162440548,0.23279564964716534,-0.004564934748921447,8.865820437956308e-05,-0.11333348771766372,0.0,0.0,0.0,4367.19010559618,1386.4095575354615,4478.102870846283
83,male,0.0013088659450093177,0.09430187268521209,0.000207121826239051,-0.013052679379729148,0.06492116377754356,-0.013904658181322803,0.1277170493506007,-0.010085902166956064,0.0,0.0,0.0,10596.493841930842,3363.9662980892267,10865.611145440862
84,female,7.13083292594562e-05,0.1171012055196984,1.658570157317627e-05,-0.005105809076067639,0.2467174796132605,-0.0046168852932882785,1.4481087819597993e-05,-0.13575553701543905,0.0,0.0,0.0,4367.19010559618,1386.4095575354615,4478.102870846283
84,male,0.0013005825287620587,0.09481415350561932,0.0002118970227707014,-0.012052855353060086,0.0686284035040249,-0.013790140265297676,0.12995005920605904,-0.009186379253084567,0.0,0.0,0.0,10596.493841930842,3363.9662980892267,10865.611145440862
85,female,7.218573895883072e-05,0.11860337640666813,1.762065225395909e-05,-0.0043174595725420295,0.2603154580573655,-0.004668835781417318,2.366691743358876e-06,-0.15762666660347577,0.0,0.0,0.0,4367.19010559618,1386.4095575354615,4478.102870846283
85,male,0.0012922682806002282,0.09533473244513854,0.00021671646331825953,-0.011052176839719386,0.07238266945028056,-0.01367559772534865,0.13223779672447727,-0.008285535431080512,0.0,0.0,0.0,10596.493841930842,3363.9662980892267,10865.611145440862
86,female,7.306558181928365e-05,0.12007374746222502,1.8674828044176708e-05,-0.0035285927394977604,0.27360015843046975,-0.004720786215005434,3.8701388637479263e-07,-0.1789605444343957,0.0,0.0,0.0,4367.19010559618,1386.4095575354615,4478.102870846283
86,male,0.0012839231116485513,0.09586381277421886,0.00022158035566414733,-0.010050643044806785,0.07618507150072999,-0.013561030559489427,0.13458143497748018,-0.007383369177771449,0.0,0.0,0.0,10596.493841930842,3363.9662980892267,10865.611145440862
87,female,7.394786310979067e-05,0.1215133178781816,1.974831197576376e-05,-0.002739208203588346,0.28658169786022625,-0.004772736594336622,6.332027069368667e-08,-0.19977049937055405,0.0,0.0,0.0,4367.19010559618,1386.4095575354615,4478.102870846283
87,male,0.0012755469331709535,0.09640160445704062,0.0002264889083000679,-0.00904825317133448,0.08003675520527936,-0.013446438761529839,0.13698218069186335,-0.006479878969957457,0.0,0.0,0.0,10596.493841930842,3363.9662980892267,10865.611145440862
88,female,7.179544710266282e-05,0.12044947709672488,1.9738963736600716e-05,-0.0019493055917212516,0.2948507060478316,-0.004824686917175991,1.0648458715639842e-08,-0.20948490801170633,0.0,0.0,0.0,4367.19010559618,1386.4095575354615,4478.102870846283
88,male,0.0012095843543812824,0.09755402197019697,0.0002212203219898833,-0.008045006421964823,0.08474247499636528,-0.013331822328753405,0.1394412748646582,-0.005575063278963598,0.0,0.0,0.0,10596.493841930842,3363.9662980892267,10865.611145440862
89,female,6.963652077093639e-05,0.11931643671390617,1.9163904891411733e-05,-0.001158884529065078,0.3011363835518473,-0.0048766371855897845,1.8349707221330927e-09,-0.2097008152989628,0.0,0.0,0.0,4367.19010559618,1386.4095575354615,4478.102870846283
89,male,0.0011434000622320506,0.09884388769101003,0.00021069641261735837,-0.007040901999716005,0.09027706469847534,-0.01321718125709847,0.14195999340177012,-0.004668920578725357,0.0,0.0,0.0,10596.493841930842,3363.9662980892267,10865.611145440862
90,female,6.747106959186918e-05,0.11810721791973128,1.8572732610033278e-05,-0.0003679446415073037,0.30784555392392116,-0.004928587398248511,0.0,-0.009916722586219307,0.0,0.0,0.0,4367.19010559618,1386.4095575354615,4478.102870846283
90,male,0.0010769934772348745,0.10029735109537237,0.00020004644277582615,-0.006035939104526341,0.0964967745606196,-0.013102515542166342,0.1445396477938108,-0.003761449336639025,0.0,0.0,0.0,10596.493841930842,3363.9662980892267,10865.611145440862
91,female,6.5202082853275e-05,0.11681387083870193,1.7949856319213082e-05,0.0005492064129213577,0.31783143217344273,-0.005920266962154728,0.0,-0.01391486021465829,0.0,0.0,0.0,4367.19010559618,1386.4095575354615,4478.102870846283
91,male,0.0010076599177993258,0.10194764403806834,0.00018704140772714636,-0.006448712130350843,0.10368892454731675,-0.012146772430696463,0.1333136473918783,0.0014486100617594642,0.0,0.0,0.0,10596.493841930842,3363.9662980892267,10865.611145440862
92,female,6.293315347649569e-05,0.11542729954426978,1.731211252342474e-05,0.0014665307946237754,0.32846272284459876,-0.00691183113297341,0.0,-0.017912997843097276,0.0,0.0,0.0,4367.19010559618,1386.4095575354615,4478.102870846283
92,male,0.0009384672905410745,0.10383765265560371,0.00017418738364591703,-0.00686134249424674,0.11190115340323972,-0.011190051346332807,0.12299184427985567,0.006684617826106999,0.0,0.0,0.0,10596.493841930842,3363.9662980892267,10865.611145440862
93,female,6.10856667075216e-05,0.11484798801087799,1.721011494225521e-05,0.0023840284301748955,0.35014807946462795,-0.007903279949290585,0.0,-0.021911135471536232,0.0,0.0,0.0,4367.19010559618,1386.4095575354615,4478.102870846283
93,male,0.0008692390691462737,0.0999598396652617,0.00015837982143496033,-0.007273830251698097,0.12356818833395287,-0.010232351314237047,0.11350002493568963,0.011946705972394387,0.0,0.0,0.0,10596.493841930842,3363.9662980892267,10865.611145440862
94,female,5.9238226643778226e-05,0.1142325580479309,1.7383522428111303e-05,0.0033016992489092786,0.37855333114553513,-0.0088946134510361,0.0,-0.02590927309997526,0.0,0.0,0.0,4367.19010559618,1386.4095575354615,4478.102870846283
94,male,0.0008001517893505264,0.09542102738632868,0.0001412136248961439,-0.007686175455520662,0.1382940047963233,-0.009273671360511118,0.10477015609631664,0.01723500719313971,0.0,0.0,0.0,10596.493841930842,3363.9662980892267,10865.611145440862
95,female,5.739083328539489e-05,0.11357752314612526,1.7557635946393875e-05,0.004219543176996724,0.4089961212334396,-0.00988583167747564,0.0,-0.029907410728414255,0.0,0.0,0.0,4367.19010559618,1386.4095575354615,4478.102870846283
95,male,0.0007312052662500809,0.09003646188664728,0.00012425705023772144,-0.008098378161354152,0.1556930562650317,-0.008314010510177135,0.09673986486885586,0.022549654840065526,0.0,0.0,0.0,10596.493841930842,3363.9662980892267,10865.611145440862
96,female,5.5543486632422116e-05,0.11287893314063732,1.7732457203554973e-05,0.005137560143703935,0.4416760411231455,-0.01087693466732546,0.0,-0.03390554835685325,0.0,0.0,0.0,4367.19010559618,1386.4095575354615,4478.102870846283
96,male,0.0006623993104169771,0.0835454617921605,0.00010750961347690409,-0.008510438421214073,0.17656812702006067,-0.007353367786271929,0.08935196296348641,0.02789078296901315,0.0,0.0,0.0,10596.493841930842,3363.9662980892267,10865.611145440862
97,female,5.369618668485408e-05,0.11213229448617247,1.790798790827279e-05,0.006055750076560999,0.47681988310868906,-0.01186792246126481,0.0,-0.03790368598529226,0.0,0.0,0.0,4367.19010559618,1386.4095575354615,4478.102870846283
97,male,0.0005937337285132929,0.07556794763188214,9.097083134901726e-05,-0.008922356290754455,0.20208001002560236,-0.006391742212949093,0.08255401126334769,0.03325852629457028,0.0,0.0,0.0,10596.493841930842,3363.9662980892267,10865.611145440862
98,female,5.369618668485408e-05,0.11213229448617247,1.790798790827279e-05,0.006055750076560999,0.47681988310868906,-0.01186792246126481,0.0,-0.03790368598529226,0.0,0.0,0.0,4367.19010559618,1386.4095575354615,4478.102870846283
98,male,0.0005937337285132929,0.07556794763188214,9.097083134901726e-05,-0.008922356290754455,0.20208001002560236,-0.006391742212949093,0.08255401126334769,0.03325852629457028,0.0,0.0,0.0,10596.493841930842,3363.9662980892267,10865.611145440862
99,female,5.369618668485408e-05,0.11213229448617247,1.790798790827279e-05,0.006055750076560999,0.47681988310868906,-0.01186792246126481,0.0,-0.03790368598529226,0.0,0.0,0.0,4367.19010559618,1386.4095575354615,4478.102870846283
99,male,0.0005937337285132929,0.07556794763188214,9.097083134901726e-05,-0.008922356290754455,0.20208001002560236,-0.006391742212949093,0.08255401126334769,0.03325852629457028,0.0,0.0,0.0,10596.493841930842,3363.9662980892267,10865.611145440862
100,female,5.369618668485408e-05,0.11213229448617247,1.790798790827279e-05,0.006055750076560999,0.47681988310868906,-0.01186792246126481,0.0,-0.03790368598529226,0.0,0.0,0.0,4367.19010559618,1386.4095575354615,4478.102870846283
100,male,0.0005937337285132929,0.07556794763188214,9.097083134901726e-05,-0.008922356290754455,0.20208001002560236,-0.006391742212949093,0.08255401126334769,0.03325852629457028,0.0,0.0,0.0,10596.493841930842,3363.9662980892267,10865.611145440862
101,female,5.369618668485408e-05,0.11213229448617247,1.790798790827279e-05,0.006055750076560999,0.47681988310868906,-0.01186792246126481,0.0,-0.03790368598529226,0.0,0.0,0.0,4367.19010559618,1386.4095575354615,4478.102870846283
101,male,0.0005937337285132929,0.07556794763188214,9.097083134901726e-05,-0.008922356290754455,0.20208001002560236,-0.006391742212949093,0.08255401126334769,0.03325852629457028,0.0,0.0,0.0,10596.493841930842,3363.9662980892267,10865.611145440862
102,female,5.369618668485408e-05,0.11213229448617247,1.790798790827279e-05,0.006055750076560999,0.47681988310868906,-0.01186792246126481,0.0,-0.03790368598529226,0.0,0.0,0.0,4367.19010559618,1386.4095575354615,4478.102870846283
102,male,0.0005937337285132929,0.07556794763188214,9.097083134901726e-05,-0.008922356290754455,0.20208001002560236,-0.006391742212949093,0.08255401126334769,0.03325852629457028,0.0,0.0,0.0,10596.493841930842,3363.9662980892267,10865.611145440862
103,female,5.369618668485408e-05,0.11213229448617247,1.790798790827279e-05,0.006055750076560999,0.47681988310868906,-0.01186792246126481,0.0,-0.03790368598529226,0.0,0.0,0.0,4367.19010559618,1386.4095575354615,4478.102870846283
103,male,0.0005937337285132929,0.07556794763188214,9.097083134901726e-05,-0.008922356290754455,0.20208001002560236,-0.006391742212949093,0.08255401126334769,0.03325852629457028,0.0,0.0,0.0,10596.493841930842,3363.9662980892267,10865.611145440862
104,female,5.369618668485408e-05,0.11213229448617247,1.790798790827279e-05,0.006055750076560999,0.47681988310868906,-0.01186792246126481,0.0,-0.03790368598529226,0.0,0.0,0.0,4367.19010559618,1386.4095575354615,4478.102870846283
104,male,0.0005937337285132929,0.07556794763188214,9.097083134901726e-05,-0.008922356290754455,0.20208001002560236,-0.006391742212949093,0.08255401126334769,0.03325852629457028,0.0,0.0,0.0,10596.493841930842,3363.9662980892267,10865.611145440862
105,female,5.369618668485408e-05,0.11213229448617247,1.790798790827279e-05,0.006055750076560999,0.47681988310868906,-0.01186792246126481,0.0,-0.03790368598529226,0.0,0.0,0.0,4367.19010559618,1386.4095575354615,4478.102870846283
105,male,0.0005937337285132929,0.07556794763188214,9.097083134901726e-05,-0.008922356290754455,0.20208001002560236,-0.006391742212949093,0.08255401126334769,0.03325852629457028,0.0,0.0,0.0,10596.493841930842,3363.9662980892267,10865.611145440862
106,female,5.369618668485408e-05,0.11213229448617247,1.790798790827279e-05,0.006055750076560999,0.47681988310868906,-0.01186792246126481,0.0,-0.03790368598529226,0.0,0.0,0.0,4367.19010559618,1386.4095575354615,4478.102870846283
106,male,0.0005937337285132929,0.07556794763188214,9.097083134901726e-05,-0.008922356290754455,0.20208001002560236,-0.006391742212949093,0.08255401126334769,0.03325852629457028,0.0,0.0,0.0,10596.493841930842,3363.9662980892267,10865.611145440862
107,female,5.369618668485408e-05,0.11213229448617247,1.790798790827279e-05,0.006055750076560999,0.47681988310868906,-0.01186792246126481,0.0,-0.03790368598529226,0.0,0.0,0.0,4367.19010559618,1386.4095575354615,4478.102870846283
107,male,0.0005937337285132929,0.07556794763188214,9.097083134901726e-05,-0.008922356290754455,0.20208001002560236,-0.006391742212949093,0.08255401126334769,0.03325852629457028,0.0,0.0,0.0,10596.493841930842,3363.9662980892267,10865.611145440862
108,female,5.369618668485408e-05,0.11213229448617247,1.790798790827279e-05,0.006055750076560999,0.47681988310868906,-0.01186792246126481,0.0,-0.03790368598529226,0.0,0.0,0.0,4367.19010559618,1386.4095575354615,4478.102870846283
108,male,0.0005937337285132929,0.07556794763188214,9.097083134901726e-05,-0.008922356290754455,0.20208001002560236,-0.006391742212949093,0.08255401126334769,0.03325852629457028,0.0,0.0,0.0,10596.493841930842,3363.9662980892267,10865.611145440862
109,female,5.369618668485408e-05,0.11213229448617247,1.790798790827279e-05,0.006055750076560999,0.47681988310868906,-0.01186792246126481,0.0,-0.03790368598529226,0.0,0.0,0.0,4367.19010559618,1386.4095575354615,4478.102870846283
109,male,0.0005937337285132929,0.07556794763188214,9.097083134901726e-05,-0.008922356290754455,0.20208001002560236,-0.006391742212949093,0.08255401126334769,0.03325852629457028,0.0,0.0,0.0,10596.493841930842,3363.9662980892267,10865.611145440862
